hazardous_situation_id,critical_qualitative,moderate_qualitative,minor_qualitative,critical_semi_quantitative,moderate_semi_quantitative,minor_semi_quantitative,probability_of_hazardous_situation_p1,critical,moderate,minor,critical_pharm_qualitative,moderate_pharm_qualitative,minor_pharm_qualitative
HS.PIT.1.4,Exceptional,Rare,Expected,1,2,7,1.0,1.0,2.0,7.0,Medium,Low,Low
HS.PIT.1.5,Rare,Occasional,Expected,2,3,7,1.0,2.0,3.0,7.0,Medium,Low,Low
HS.PIT.1.6,Occasional,Expected,Exceptional,3,7,1,1.0,3.0,7.0,1.0,Medium,Low,Low
HS.PIT.1.7,Expected,Rare,Exceptional,7,2,1,1.0,7.0,2.0,1.0,Medium,Low,Low
HS.PIT.10.1,Exceptional,Exceptional,Expected,1,1,7,2.0,2.0,2.0,14.0,Medium,Low,Low
HS.PIT.10.2,Exceptional,Rare,Expected,1,2,7,1.0,1.0,2.0,7.0,Medium,Low,Low
HS.PIT.10.3,Occasional,Likely,Expected,3,6,7,1.0,3.0,6.0,7.0,Medium,Low,Low
HS.PIT.11.1,Exceptional,Exceptional,Expected,1,1,7,3.0,3.0,3.0,21.0,Medium,Low,Medium
HS.PIT.11.10,,Exceptional,Expected,,1,7,1.0,,1.0,7.0,,Low,Low
HS.PIT.11.3,Rare,Occasional,Expected,2,3,7,1.0,2.0,3.0,7.0,Medium,Low,Low
HS.PIT.11.4,Exceptional,Rare,Expected,1,2,7,1.0,1.0,2.0,7.0,Medium,Low,Low
HS.PIT.11.5,,Rare,Expected,,2,7,1.0,,2.0,7.0,,Low,Low
HS.PIT.11.6,,Exceptional,Expected,,1,7,1.0,,1.0,7.0,,Low,Low
HS.PIT.11.7,Occasional,Occasional,Expected,3,3,7,1.0,3.0,3.0,7.0,Medium,Low,Low
HS.PIT.11.8,Rare,Rare,Expected,2,2,7,1.0,2.0,2.0,7.0,Medium,Low,Low
HS.PIT.11.9,Exceptional,Exceptional,Expected,1,1,7,1.0,1.0,1.0,7.0,Medium,Low,Low
HS.PIT.13.1,,Exceptional,Expected,,1,7,1.0,,1.0,7.0,,Low,Low
HS.PIT.13.2,Exceptional,Rare,Expected,1,2,7,1.0,1.0,2.0,7.0,Medium,Low,Low
HS.PIT.13.3,Occasional,Likely,Expected,3,6,7,1.0,3.0,6.0,7.0,Medium,Low,Low
HS.PIT.13.4,Periodic,Expected,Occasional,4,7,3,1.0,4.0,7.0,3.0,Medium,Low,Low
HS.PIT.13.5,,Exceptional,Expected,,1,7,2.0,,2.0,14.0,,Low,Low
HS.PIT.13.6,Exceptional,Rare,Expected,1,2,7,2.0,2.0,4.0,14.0,Medium,Low,Low
HS.PIT.13.7,Occasional,Expected,Periodic,3,7,4,2.0,6.0,14.0,8.0,Medium,Medium,Low
HS.PIT.14.1,Occasional,Expected,Periodic,3,7,4,2.0,6.0,14.0,8.0,Medium,Medium,Low
HS.PIT.15.1,Occasional,Expected,Occasional,3,7,3,1.0,3.0,7.0,3.0,Medium,Low,Low
HS.PIT.16.1,,Exceptional,Expected,,1,7,2.0,,2.0,14.0,,Low,Low
HS.PIT.16.2,Exceptional,Rare,Expected,1,2,7,1.0,1.0,2.0,7.0,Medium,Low,Low
HS.PIT.16.3,Occasional,Expected,Periodic,3,7,4,1.0,3.0,7.0,4.0,Medium,Low,Low
HS.PIT.18.1,Rare,Rare,Expected,2,2,7,1.0,2.0,2.0,7.0,Medium,Low,Low
HS.PIT.18.2,Occasional,Often,Expected,3,5,7,1.0,3.0,5.0,7.0,Medium,Low,Low
HS.PIT.18.3,Often,Expected,Rare,5,7,2,1.0,5.0,7.0,2.0,Medium,Low,Low
HS.PIT.18.4,Likely,Expected,,6,7,,1.0,6.0,7.0,,Medium,Low,
HS.PIT.18.5,Expected,Periodic,,7,4,,1.0,7.0,4.0,,Medium,Low,
HS.PIT.19.1,,Exceptional,Expected,,1,7,2.0,,2.0,14.0,,Low,Low
HS.PIT.2.1,Occasional,Expected,Often,3,7,5,1.0,3.0,7.0,5.0,Medium,Low,Low
HS.PIT.20.3,Rare,Occasional,Expected,2,3,7,1.0,2.0,3.0,7.0,Medium,Low,Low
HS.PIT.21.3,Occasional,Periodic,Expected,3,4,7,2.0,6.0,8.0,14.0,Medium,Medium,Low
HS.PIT.21.4,Periodic,Expected,Occasional,4,7,3,2.0,8.0,14.0,6.0,High,Medium,Low
HS.PIT.21.5,Often,Expected,Rare,5,7,2,2.0,10.0,14.0,4.0,High,Medium,Low
HS.PIT.22.1,Occasional,Expected,Rare,3,7,2,1.0,3.0,7.0,2.0,Medium,Low,Low
HS.PIT.22.2,Rare,Occasional,Expected,2,3,7,1.0,2.0,3.0,7.0,Medium,Low,Low
HS.PIT.23.1,Exceptional,Exceptional,Expected,1,1,7,2.0,2.0,2.0,14.0,Medium,Low,Low
HS.PIT.23.2,Occasional,Expected,Periodic,3,7,4,1.0,3.0,7.0,4.0,Medium,Low,Low
HS.PIT.24.1,Exceptional,Periodic,Expected,1,4,7,2.0,2.0,8.0,14.0,Medium,Medium,Low
HS.PIT.27.1,Occasional,Expected,Often,3,7,5,1.0,3.0,7.0,5.0,Medium,Low,Low
HS.PIT.27.3,,Rare,Expected,,2,7,1.0,,2.0,7.0,,Low,Low
HS.PIT.27.4,Exceptional,Rare,Expected,1,2,7,1.0,1.0,2.0,7.0,Medium,Low,Low
HS.PIT.27.6,,Occasional,Expected,,3,7,2.0,,6.0,14.0,,Low,Low
HS.PIT.27.7,Exceptional,Rare,Expected,1,2,7,1.0,1.0,2.0,7.0,Medium,Low,Low
HS.PIT.27.8,Rare,Periodic,Expected,2,4,7,2.0,4.0,8.0,14.0,Medium,Medium,Low
HS.PIT.27.9,Rare,Likely,Expected,2,6,7,1.0,2.0,6.0,7.0,Medium,Low,Low
HS.PIT.28.1,Often,Expected,Rare,5,7,2,2.0,10.0,14.0,4.0,High,Medium,Low
HS.PIT.3.1,Exceptional,Rare,Expected,1,2,7,1.0,1.0,2.0,7.0,Medium,Low,Low
HS.PIT.3.2,Occasional,Expected,Occasional,3,7,3,1.0,3.0,7.0,3.0,Medium,Low,Low
HS.PIT.3.3,Likely,Expected,,6,7,,1.0,6.0,7.0,,Medium,Low,
HS.PIT.3.4,Expected,Rare,,7,2,,1.0,7.0,2.0,,Medium,Low,
HS.PIT.4.1,Expected,,,7,,,1.0,7.0,,,Medium,,
HS.PIT.5.1,Rare,Rare,Expected,2,2,7,3.0,6.0,6.0,21.0,Medium,Low,Medium
HS.PIT.5.2,Occasional,Often,Expected,3,5,7,3.0,9.0,15.0,21.0,High,Medium,Medium
HS.PIT.5.3,Often,Expected,Rare,5,7,2,3.0,15.0,21.0,6.0,High,High,Low
HS.PIT.5.4,Likely,Expected,,6,7,,1.0,6.0,7.0,,Medium,Low,
HS.PIT.5.5,Expected,Periodic,,7,4,,1.0,7.0,4.0,,Medium,Low,
HS.PIT.6.2,Rare,Occasional,Expected,2,3,7,1.0,2.0,3.0,7.0,Medium,Low,Low
HS.PIT.6.3,Occasional,Periodic,Expected,3,4,7,1.0,3.0,4.0,7.0,Medium,Low,Low
HS.PIT.7.1,Periodic,Expected,Rare,4,7,2,2.0,8.0,14.0,4.0,High,Medium,Low
